{
  "sharpe_ratio": 0.4920381557957293,
  "max_drawdown": 0.05941145379297064,
  "max_drawdown_cash": 5996.590503484549,
  "daily_volatility": 0.004989646163250348
}