{
  "cash": 83553.93029709625,
  "market_value": 18242.946934337804,
  "realised_pnl": 0.0,
  "unrealised_pnl": 810.5134279401009,
  "total_portfolio_value": 101796.87723143405,
  "total_pnl": 810.5134279401009,
  "holdings": {
    "AAPL": {
      "quantity": 60.09260973978506,
      "buy_price": 80.6999633106501
    },
    "MSFT": {
      "quantity": 54.22226177315237,
      "buy_price": 183.0812011993818
    },
    "GOOGL": {
      "quantity": 42.08893911784808,
      "buy_price": 63.10173987857854
    }
  }
}