{
  "cash": 92805.41213346746,
  "market_value": 7452.286521779513,
  "realised_pnl": 0.0,
  "unrealised_pnl": -269.7164594851513,
  "total_portfolio_value": 100257.69865524698,
  "total_pnl": -269.7164594851513,
  "holdings": {
    "AAPL": {
      "quantity": 46.81814003750859,
      "buy_price": 76.3628186197492
    },
    "MSFT": {
      "quantity": 12.608652383175254,
      "buy_price": 169.4185508007269
    },
    "GOOGL": {
      "quantity": 27.73070752818512,
      "buy_price": 72.50800323486328
    }
  }
}