{
  "cash": 81318.06820524635,
  "market_value": 14946.014847279199,
  "realised_pnl": 0.0,
  "unrealised_pnl": -2611.3434716422,
  "total_portfolio_value": 96264.08305252556,
  "total_pnl": -2611.3434716422,
  "holdings": {
    "AAPL": {
      "quantity": 79.48811393762632,
      "buy_price": 68.09559826325555
    },
    "MSFT": {
      "quantity": 42.651344419203056,
      "buy_price": 162.68870665492943
    },
    "GOOGL": {
      "quantity": 81.2109149596154,
      "buy_price": 64.10068877386132
    }
  }
}