{
  "cash": 85790.56763288713,
  "market_value": 15322.661642965864,
  "realised_pnl": 0.0,
  "unrealised_pnl": 230.2711908716292,
  "total_portfolio_value": 101113.229275853,
  "total_pnl": 230.2711908716292,
  "holdings": {
    "AAPL": {
      "quantity": 51.104388633909586,
      "buy_price": 78.16582476414591
    },
    "MSFT": {
      "quantity": 36.43719973904612,
      "buy_price": 165.7910626693506
    },
    "GOOGL": {
      "quantity": 70.31659302804995,
      "buy_price": 71.9149134260273
    }
  }
}