{
  "cash": 84849.21966020798,
  "market_value": 12872.180069473052,
  "realised_pnl": 0.0,
  "unrealised_pnl": -185.35070295351852,
  "total_portfolio_value": 97721.39972968103,
  "total_pnl": -185.35070295351852,
  "holdings": {
    "AAPL": {
      "quantity": 75.62405108074283,
      "buy_price": 66.67439772879385
    },
    "MSFT": {
      "quantity": 37.55866991773025,
      "buy_price": 151.61006633860686
    },
    "GOOGL": {
      "quantity": 36.50854921319773,
      "buy_price": 63.576075330611054
    }
  }
}