{
  "cash": 89267.04745841978,
  "market_value": 12674.300093434766,
  "realised_pnl": 0.0,
  "unrealised_pnl": 733.6790053217569,
  "total_portfolio_value": 101941.34755185455,
  "total_pnl": 733.6790053217569,
  "holdings": {
    "AAPL": {
      "quantity": 41.60992758857864,
      "buy_price": 80.6999633106501
    },
    "MSFT": {
      "quantity": 32.37260915675125,
      "buy_price": 183.0812011993818
    },
    "GOOGL": {
      "quantity": 42.08893911784808,
      "buy_price": 63.10173987857854
    }
  }
}