{
  "cash": 85923.54482105772,
  "market_value": 15237.626078807807,
  "realised_pnl": 0.0,
  "unrealised_pnl": 271.613753368631,
  "total_portfolio_value": 101161.17089986552,
  "total_pnl": 271.613753368631,
  "holdings": {
    "AAPL": {
      "quantity": 49.90376619205628,
      "buy_price": 78.42294411701309
    },
    "MSFT": {
      "quantity": 36.120390957506785,
      "buy_price": 165.98935391256074
    },
    "GOOGL": {
      "quantity": 70.31659302804995,
      "buy_price": 71.9149134260273
    }
  }
}