{
  "cash": 87366.70433705479,
  "market_value": 12599.972318759403,
  "realised_pnl": 0.0,
  "unrealised_pnl": 44.24629974072559,
  "total_portfolio_value": 99966.6766558142,
  "total_pnl": 44.24629974072559,
  "holdings": {
    "AAPL": {
      "quantity": 50.68936770166838,
      "buy_price": 70.9583984815688
    },
    "MSFT": {
      "quantity": 34.56662316542361,
      "buy_price": 172.70418304530602
    },
    "GOOGL": {
      "quantity": 49.3183930860799,
      "buy_price": 60.608001708984375
    }
  }
}