{
  "cash": 86477.6774730707,
  "market_value": 15520.654824710124,
  "realised_pnl": 0.0,
  "unrealised_pnl": 712.1434090836183,
  "total_portfolio_value": 101998.33229778081,
  "total_pnl": 712.1434090836183,
  "holdings": {
    "AAPL": {
      "quantity": 50.234658210765375,
      "buy_price": 78.88124966254964
    },
    "MSFT": {
      "quantity": 33.31282844814622,
      "buy_price": 173.78071359434557
    },
    "GOOGL": {
      "quantity": 70.31659302804995,
      "buy_price": 71.9149134260273
    }
  }
}