{
  "cash": 85878.69906022513,
  "market_value": 15139.200344074665,
  "realised_pnl": 0.0,
  "unrealised_pnl": 46.713322898380284,
  "total_portfolio_value": 101017.8994042998,
  "total_pnl": 46.713322898380284,
  "holdings": {
    "AAPL": {
      "quantity": 52.220811588378744,
      "buy_price": 78.254300766162
    },
    "MSFT": {
      "quantity": 35.605205406684114,
      "buy_price": 167.08714798606331
    },
    "GOOGL": {
      "quantity": 70.31659302804995,
      "buy_price": 71.9149134260273
    }
  }
}