{
  "cash": 85437.30541480082,
  "market_value": 11744.921835309742,
  "realised_pnl": 0.0,
  "unrealised_pnl": -663.5743540965659,
  "total_portfolio_value": 97182.22725011056,
  "total_pnl": -663.5743540965659,
  "holdings": {
    "AAPL": {
      "quantity": 62.76401071786825,
      "buy_price": 66.67439772879385
    },
    "MSFT": {
      "quantity": 38.95079327905826,
      "buy_price": 151.54179937929143
    },
    "GOOGL": {
      "quantity": 36.50854921319773,
      "buy_price": 63.576075330611054
    }
  }
}