{
  "cash": 83459.86618025879,
  "market_value": 14751.761758593359,
  "realised_pnl": 0.0,
  "unrealised_pnl": -663.798585315612,
  "total_portfolio_value": 98211.62793885215,
  "total_pnl": -663.798585315612,
  "holdings": {
    "AAPL": {
      "quantity": 56.53077814587562,
      "buy_price": 71.1588747099329
    },
    "MSFT": {
      "quantity": 37.10065861863498,
      "buy_price": 166.76841948560562
    },
    "GOOGL": {
      "quantity": 81.2109149596154,
      "buy_price": 64.10068877386132
    }
  }
}