{
  "cash": 89810.46795580347,
  "market_value": 7958.652946396816,
  "realised_pnl": 0.0,
  "unrealised_pnl": -304.98535919391156,
  "total_portfolio_value": 97769.12090220029,
  "total_pnl": -304.98535919391156,
  "holdings": {
    "AAPL": {
      "quantity": 61.39107371858481,
      "buy_price": 66.67439772879385
    },
    "MSFT": {
      "quantity": 12.203597766856397,
      "buy_price": 151.54179937929143
    },
    "GOOGL": {
      "quantity": 36.50854921319773,
      "buy_price": 63.576075330611054
    }
  }
}