{
  "cash": 89672.67757336482,
  "market_value": 9963.63084148498,
  "realised_pnl": 0.0,
  "unrealised_pnl": -302.9676016401877,
  "total_portfolio_value": 99636.3084148498,
  "total_pnl": -302.9676016401877,
  "holdings": {
    "AAPL": {
      "quantity": 59.40235360296055,
      "buy_price": 70.9583984815688
    },
    "MSFT": {
      "quantity": 17.81128066971623,
      "buy_price": 171.93672761468727
    },
    "GOOGL": {
      "quantity": 49.3183930860799,
      "buy_price": 60.608001708984375
    }
  }
}