{
  "cash": 65285.24500225717,
  "market_value": 35239.98476961753,
  "realised_pnl": 0.0,
  "unrealised_pnl": -531.1679364294032,
  "total_portfolio_value": 100525.2297718747,
  "total_pnl": -531.1679364294032,
  "holdings": {
    "AAPL": {
      "quantity": 137.39994104689072,
      "buy_price": 75.14815286058312
    },
    "MSFT": {
      "quantity": 29.866697377579335,
      "buy_price": 173.18951492392222
    },
    "GOOGL": {
      "quantity": 289.18346139051584,
      "buy_price": 70.10498458153674
    }
  }
}