{
  "cash": 86865.84062933273,
  "market_value": 14735.840174549649,
  "realised_pnl": 0.0,
  "unrealised_pnl": 1216.8616373724649,
  "total_portfolio_value": 101601.68080388238,
  "total_pnl": 1216.8616373724649,
  "holdings": {
    "AAPL": {
      "quantity": 49.038518638374605,
      "buy_price": 76.41126142775877
    },
    "MSFT": {
      "quantity": 32.564641814168496,
      "buy_price": 176.93301877420927
    },
    "GOOGL": {
      "quantity": 63.55011915210253,
      "buy_price": 63.10173987857854
    }
  }
}