{
  "cash": 86877.1032907157,
  "market_value": 14974.805258485383,
  "realised_pnl": 0.0,
  "unrealised_pnl": 598.1602162258373,
  "total_portfolio_value": 101851.90854920109,
  "total_pnl": 598.1602162258373,
  "holdings": {
    "AAPL": {
      "quantity": 43.84633797100854,
      "buy_price": 78.50461560973662
    },
    "MSFT": {
      "quantity": 33.87643195000137,
      "buy_price": 173.50391099630778
    },
    "GOOGL": {
      "quantity": 70.31659302804995,
      "buy_price": 71.9149134260273
    }
  }
}