{
  "cash": 87666.58738543131,
  "market_value": 11364.892115040035,
  "realised_pnl": 0.0,
  "unrealised_pnl": -568.0095483252387,
  "total_portfolio_value": 99031.47950047135,
  "total_pnl": -568.0095483252387,
  "holdings": {
    "AAPL": {
      "quantity": 47.96874784147525,
      "buy_price": 73.7434173854013
    },
    "MSFT": {
      "quantity": 36.77593922555708,
      "buy_price": 170.7091745182089
    },
    "GOOGL": {
      "quantity": 30.205156668236604,
      "buy_price": 70.10498458153674
    }
  }
}