{
  "cash": 86439.64802805892,
  "market_value": 15503.420455916192,
  "realised_pnl": 0.0,
  "unrealised_pnl": 660.2050021947666,
  "total_portfolio_value": 101943.0684839751,
  "total_pnl": 660.2050021947666,
  "holdings": {
    "AAPL": {
      "quantity": 51.03373394136754,
      "buy_price": 78.86635296613207
    },
    "MSFT": {
      "quantity": 33.16300167032177,
      "buy_price": 173.73455324620346
    },
    "GOOGL": {
      "quantity": 70.31659302804995,
      "buy_price": 71.9149134260273
    }
  }
}