{
  "cash": 82271.86268677423,
  "market_value": 16784.252774868033,
  "realised_pnl": 0.0,
  "unrealised_pnl": -543.8681328247535,
  "total_portfolio_value": 99056.11546164226,
  "total_pnl": -543.8681328247535,
  "holdings": {
    "AAPL": {
      "quantity": 69.43023532133444,
      "buy_price": 71.22215763268005
    },
    "MSFT": {
      "quantity": 61.55612514837719,
      "buy_price": 166.76841948560562
    },
    "GOOGL": {
      "quantity": 30.205156668236604,
      "buy_price": 70.10498458153674
    }
  }
}