{
  "cash": 87367.5685394925,
  "market_value": 11913.75934629443,
  "realised_pnl": 0.0,
  "unrealised_pnl": -327.46466612354584,
  "total_portfolio_value": 99281.32788578693,
  "total_pnl": -327.46466612354584,
  "holdings": {
    "AAPL": {
      "quantity": 54.22986389984193,
      "buy_price": 73.7434173854013
    },
    "MSFT": {
      "quantity": 35.82654429590247,
      "buy_price": 170.95136028202626
    },
    "GOOGL": {
      "quantity": 30.205156668236604,
      "buy_price": 70.10498458153674
    }
  }
}