{
  "cash": 68640.08804307457,
  "market_value": 30241.413100404006,
  "realised_pnl": 0.0,
  "unrealised_pnl": -1634.6035918585867,
  "total_portfolio_value": 98881.50114347858,
  "total_pnl": -1634.6035918585867,
  "holdings": {
    "AAPL": {
      "quantity": 72.34526371246999,
      "buy_price": 73.75782317582451
    },
    "MSFT": {
      "quantity": 36.62051891717322,
      "buy_price": 171.12770673474773
    },
    "GOOGL": {
      "quantity": 289.18346139051584,
      "buy_price": 70.10498458153674
    }
  }
}