{
  "cash": 86433.1787281546,
  "market_value": 15381.796121894879,
  "realised_pnl": 0.0,
  "unrealised_pnl": 554.4128635429079,
  "total_portfolio_value": 101814.97485004948,
  "total_pnl": 554.4128635429079,
  "holdings": {
    "AAPL": {
      "quantity": 50.90271548962603,
      "buy_price": 78.71295257897476
    },
    "MSFT": {
      "quantity": 33.220395406379296,
      "buy_price": 173.50391099630778
    },
    "GOOGL": {
      "quantity": 70.31659302804995,
      "buy_price": 71.9149134260273
    }
  }
}