{
  "cash": 85776.75657618341,
  "market_value": 15327.455078542906,
  "realised_pnl": 0.0,
  "unrealised_pnl": 221.01897089540762,
  "total_portfolio_value": 101104.21165472631,
  "total_pnl": 221.01897089540762,
  "holdings": {
    "AAPL": {
      "quantity": 50.91807756750912,
      "buy_price": 78.16582476414591
    },
    "MSFT": {
      "quantity": 36.60985401936021,
      "buy_price": 165.7906331979156
    },
    "GOOGL": {
      "quantity": 70.31659302804995,
      "buy_price": 71.9149134260273
    }
  }
}