{
  "cash": 89520.43177655483,
  "market_value": 11454.53136179545,
  "realised_pnl": 0.0,
  "unrealised_pnl": 863.3070278110408,
  "total_portfolio_value": 100974.96313835029,
  "total_pnl": 863.3070278110408,
  "holdings": {
    "AAPL": {
      "quantity": 46.541434430352396,
      "buy_price": 71.20275306659333
    },
    "MSFT": {
      "quantity": 24.748764652349077,
      "buy_price": 173.2715502639224
    },
    "GOOGL": {
      "quantity": 49.3183930860799,
      "buy_price": 60.608001708984375
    }
  }
}