{
  "cash": 90189.45024514716,
  "market_value": 10021.050027238573,
  "realised_pnl": 0.0,
  "unrealised_pnl": 203.44053327406527,
  "total_portfolio_value": 100210.50027238573,
  "total_pnl": 203.44053327406527,
  "holdings": {
    "AAPL": {
      "quantity": 56.696183648068605,
      "buy_price": 71.10197454926056
    },
    "MSFT": {
      "quantity": 33.66534048637297,
      "buy_price": 171.8800048828125
    }
  }
}