{
  "cash": 90007.31078919175,
  "market_value": 10000.812309910194,
  "realised_pnl": 0.0,
  "unrealised_pnl": 1.0633599902689639,
  "total_portfolio_value": 100008.12309910194,
  "total_pnl": 1.0633599902689639,
  "holdings": {
    "AAPL": {
      "quantity": 57.78102812644784,
      "buy_price": 71.06687494659847
    },
    "MSFT": {
      "quantity": 34.276747798638084,
      "buy_price": 171.93672761468727
    }
  }
}