{
  "cash": 87550.90482409704,
  "market_value": 13167.599324259623,
  "realised_pnl": 0.0,
  "unrealised_pnl": 206.1938248680101,
  "total_portfolio_value": 100718.50414835667,
  "total_pnl": 206.1938248680101,
  "holdings": {
    "AAPL": {
      "quantity": 63.55281856614464,
      "buy_price": 76.85290680730499
    },
    "MSFT": {
      "quantity": 37.3910251760754,
      "buy_price": 161.45325372026397
    },
    "GOOGL": {
      "quantity": 28.144795421793443,
      "buy_price": 72.49240762263979
    }
  }
}