{
  "cash": 87439.6961242125,
  "market_value": 13401.879860945046,
  "realised_pnl": 0.0,
  "unrealised_pnl": 847.1651964199518,
  "total_portfolio_value": 100841.57598515754,
  "total_pnl": 847.1651964199518,
  "holdings": {
    "AAPL": {
      "quantity": 46.96078371626703,
      "buy_price": 71.20275306659333
    },
    "MSFT": {
      "quantity": 35.90830875489678,
      "buy_price": 173.2715502639224
    },
    "GOOGL": {
      "quantity": 49.3183930860799,
      "buy_price": 60.608001708984375
    }
  }
}