{
  "cash": 88256.13555704217,
  "market_value": 11903.787890591791,
  "realised_pnl": 0.0,
  "unrealised_pnl": -640.0718863934619,
  "total_portfolio_value": 100159.92344763396,
  "total_pnl": -640.0718863934619,
  "holdings": {
    "AAPL": {
      "quantity": 53.8802008750019,
      "buy_price": 76.3628186197492
    },
    "MSFT": {
      "quantity": 37.88674563013437,
      "buy_price": 169.4185508007269
    },
    "GOOGL": {
      "quantity": 27.73070752818512,
      "buy_price": 72.50800323486328
    }
  }
}