{
  "cash": 91107.06426996193,
  "market_value": 10955.535184083055,
  "realised_pnl": 0.0,
  "unrealised_pnl": 470.7720733973474,
  "total_portfolio_value": 102062.59945404499,
  "total_pnl": 470.7720733973474,
  "holdings": {
    "AAPL": {
      "quantity": 44.79236339675956,
      "buy_price": 78.8823874676056
    },
    "MSFT": {
      "quantity": 10.9023769463274,
      "buy_price": 173.78071359434557
    },
    "GOOGL": {
      "quantity": 70.31659302804995,
      "buy_price": 71.9149134260273
    }
  }
}