{
  "cash": 87932.45031028279,
  "market_value": 12951.839679372386,
  "realised_pnl": 0.0,
  "unrealised_pnl": 725.1623224215855,
  "total_portfolio_value": 100884.28998965517,
  "total_pnl": 725.1623224215855,
  "holdings": {
    "AAPL": {
      "quantity": 45.62835242185507,
      "buy_price": 72.13483269286026
    },
    "MSFT": {
      "quantity": 33.65081545608636,
      "buy_price": 176.7028363477132
    },
    "GOOGL": {
      "quantity": 49.3183930860799,
      "buy_price": 60.608001708984375
    }
  }
}