{
  "cash": 82547.95643606009,
  "market_value": 14095.136324640676,
  "realised_pnl": 0.0,
  "unrealised_pnl": -2098.3382493490535,
  "total_portfolio_value": 96643.09276070076,
  "total_pnl": -2098.3382493490535,
  "holdings": {
    "AAPL": {
      "quantity": 62.68656487004765,
      "buy_price": 68.09559826325555
    },
    "MSFT": {
      "quantity": 41.300468787180215,
      "buy_price": 162.68870665492943
    },
    "GOOGL": {
      "quantity": 81.2109149596154,
      "buy_price": 64.10068877386132
    }
  }
}