{
  "cash": 87112.35369659138,
  "market_value": 14315.201174833888,
  "realised_pnl": 0.0,
  "unrealised_pnl": 1063.6682678311845,
  "total_portfolio_value": 101427.55487142527,
  "total_pnl": 1063.6682678311845,
  "holdings": {
    "AAPL": {
      "quantity": 43.91618062357084,
      "buy_price": 75.7833393979647
    },
    "MSFT": {
      "quantity": 33.434037774967535,
      "buy_price": 176.86451865478907
    },
    "GOOGL": {
      "quantity": 63.55011915210253,
      "buy_price": 63.10173987857854
    }
  }
}