{
  "cash": 87099.77306224551,
  "market_value": 14218.181557170115,
  "realised_pnl": 0.0,
  "unrealised_pnl": 954.854223331602,
  "total_portfolio_value": 101317.95461941563,
  "total_pnl": 954.854223331602,
  "holdings": {
    "AAPL": {
      "quantity": 44.07181412995241,
      "buy_price": 75.7833393979647
    },
    "MSFT": {
      "quantity": 33.434037774967535,
      "buy_price": 176.86451865478907
    },
    "GOOGL": {
      "quantity": 63.55011915210253,
      "buy_price": 63.10173987857854
    }
  }
}