{
  "cash": 90190.71743513823,
  "market_value": 10021.19082612647,
  "realised_pnl": 0.0,
  "unrealised_pnl": 206.84519621432173,
  "total_portfolio_value": 100211.9082612647,
  "total_pnl": 206.84519621432173,
  "holdings": {
    "AAPL": {
      "quantity": 55.92767513781498,
      "buy_price": 71.10749816894531
    },
    "MSFT": {
      "quantity": 33.96246454866335,
      "buy_price": 171.8800048828125
    }
  }
}