{
  "cash": 88099.57670022608,
  "market_value": 13218.327732461712,
  "realised_pnl": 0.0,
  "unrealised_pnl": 346.71835128638395,
  "total_portfolio_value": 101317.90443268779,
  "total_pnl": 346.71835128638395,
  "holdings": {
    "AAPL": {
      "quantity": 43.79691491780164,
      "buy_price": 78.42294411701309
    },
    "MSFT": {
      "quantity": 26.387925290443185,
      "buy_price": 165.98935391256074
    },
    "GOOGL": {
      "quantity": 70.31659302804995,
      "buy_price": 71.9149134260273
    }
  }
}