{
  "cash": 85946.8531425247,
  "market_value": 12287.043000992777,
  "realised_pnl": 0.0,
  "unrealised_pnl": -1365.592905279104,
  "total_portfolio_value": 98233.89614351749,
  "total_pnl": -1365.592905279104,
  "holdings": {
    "AAPL": {
      "quantity": 73.81289490762877,
      "buy_price": 71.22215763268005
    },
    "MSFT": {
      "quantity": 36.77593922555708,
      "buy_price": 170.7091745182089
    },
    "GOOGL": {
      "quantity": 30.205156668236604,
      "buy_price": 70.10498458153674
    }
  }
}