{
  "cash": 90379.98088234161,
  "market_value": 10783.932135094094,
  "realised_pnl": 0.0,
  "unrealised_pnl": 247.21846016684458,
  "total_portfolio_value": 101163.9130174357,
  "total_pnl": 247.21846016684458,
  "holdings": {
    "AAPL": {
      "quantity": 44.36596602769771,
      "buy_price": 78.16582476414591
    },
    "MSFT": {
      "quantity": 12.135786021680193,
      "buy_price": 165.7906331979156
    },
    "GOOGL": {
      "quantity": 70.31659302804995,
      "buy_price": 71.9149134260273
    }
  }
}