{
  "cash": 89306.41041418647,
  "market_value": 12389.015362969561,
  "realised_pnl": 0.0,
  "unrealised_pnl": 710.8956051985128,
  "total_portfolio_value": 101695.42577715602,
  "total_pnl": 710.8956051985128,
  "holdings": {
    "AAPL": {
      "quantity": 60.55101376899455,
      "buy_price": 80.6999633106501
    },
    "MSFT": {
      "quantity": 23.37477712675297,
      "buy_price": 176.93301877420927
    },
    "GOOGL": {
      "quantity": 42.08893911784808,
      "buy_price": 63.10173987857854
    }
  }
}