{
  "cash": 86012.12883353904,
  "market_value": 12321.026097490168,
  "realised_pnl": 0.0,
  "unrealised_pnl": 341.7233578513633,
  "total_portfolio_value": 98333.15493102922,
  "total_pnl": 341.7233578513633,
  "holdings": {
    "AAPL": {
      "quantity": 59.94324957439617,
      "buy_price": 65.39028798503584
    },
    "MSFT": {
      "quantity": 37.988965489749376,
      "buy_price": 152.48809834101218
    },
    "GOOGL": {
      "quantity": 35.65384100777514,
      "buy_price": 63.576075330611054
    }
  }
}