{
  "cash": 81116.48269766156,
  "market_value": 20450.664487867154,
  "realised_pnl": 0.0,
  "unrealised_pnl": -24.680195118935444,
  "total_portfolio_value": 101567.14718552871,
  "total_pnl": -24.680195118935444,
  "holdings": {
    "AAPL": {
      "quantity": 64.88877249386685,
      "buy_price": 78.9350090949947
    },
    "MSFT": {
      "quantity": 56.87168893456082,
      "buy_price": 181.0485555975299
    },
    "GOOGL": {
      "quantity": 70.31659302804995,
      "buy_price": 71.9149134260273
    }
  }
}