{
  "cash": 90413.60962121924,
  "market_value": 9979.593917936667,
  "realised_pnl": 0.0,
  "unrealised_pnl": -117.78431619209732,
  "total_portfolio_value": 100393.2035391559,
  "total_pnl": -117.78431619209732,
  "holdings": {
    "AAPL": {
      "quantity": 46.357229401711784,
      "buy_price": 76.13548073577533
    },
    "MSFT": {
      "quantity": 28.219715551288026,
      "buy_price": 161.49170776046748
    },
    "GOOGL": {
      "quantity": 27.73070752818512,
      "buy_price": 72.50800323486328
    }
  }
}