{
  "cash": 87094.49906965454,
  "market_value": 15003.50152384842,
  "realised_pnl": 0.0,
  "unrealised_pnl": 815.1371117226163,
  "total_portfolio_value": 102098.00059350296,
  "total_pnl": 815.1371117226163,
  "holdings": {
    "AAPL": {
      "quantity": 44.45255986852497,
      "buy_price": 78.71295257897476
    },
    "MSFT": {
      "quantity": 32.46359371850134,
      "buy_price": 173.50391099630778
    },
    "GOOGL": {
      "quantity": 70.31659302804995,
      "buy_price": 71.9149134260273
    }
  }
}