{
  "cash": 70743.93037414906,
  "market_value": 27674.125113708193,
  "realised_pnl": 0.0,
  "unrealised_pnl": -2098.0492474799125,
  "total_portfolio_value": 98418.05548785726,
  "total_pnl": -2098.0492474799125,
  "holdings": {
    "AAPL": {
      "quantity": 57.57125442583305,
      "buy_price": 75.14815286058312
    },
    "MSFT": {
      "quantity": 29.866697377579335,
      "buy_price": 173.18951492392222
    },
    "GOOGL": {
      "quantity": 289.18346139051584,
      "buy_price": 70.10498458153674
    }
  }
}