{
  "cash": 88984.63524536861,
  "market_value": 13283.61873289836,
  "realised_pnl": 0.0,
  "unrealised_pnl": 1052.3123042173406,
  "total_portfolio_value": 102268.25397826698,
  "total_pnl": 1052.3123042173406,
  "holdings": {
    "AAPL": {
      "quantity": 46.53977873931703,
      "buy_price": 81.47515316694249
    },
    "MSFT": {
      "quantity": 31.590275253117035,
      "buy_price": 183.0812011993818
    },
    "GOOGL": {
      "quantity": 42.08893911784808,
      "buy_price": 63.10173987857854
    }
  }
}