{
  "cash": 86559.3904510517,
  "market_value": 15574.58020941351,
  "realised_pnl": 0.0,
  "unrealised_pnl": 542.143279817567,
  "total_portfolio_value": 102133.97066046522,
  "total_pnl": 542.143279817567,
  "holdings": {
    "AAPL": {
      "quantity": 50.495752896099525,
      "buy_price": 79.11083717782344
    },
    "MSFT": {
      "quantity": 32.72126377387261,
      "buy_price": 182.78218058347804
    },
    "GOOGL": {
      "quantity": 70.31659302804995,
      "buy_price": 71.9149134260273
    }
  }
}