{
  "cash": 86975.35687563583,
  "market_value": 13145.971448122764,
  "realised_pnl": 0.0,
  "unrealised_pnl": 197.3207823581779,
  "total_portfolio_value": 100121.32832375859,
  "total_pnl": 197.3207823581779,
  "holdings": {
    "AAPL": {
      "quantity": 56.571712300637245,
      "buy_price": 70.69122591383187
    },
    "MSFT": {
      "quantity": 34.514677357627576,
      "buy_price": 172.69284185921026
    },
    "GOOGL": {
      "quantity": 49.3183930860799,
      "buy_price": 60.608001708984375
    }
  }
}