{
  "cash": 86794.66098277435,
  "market_value": 13021.037856888252,
  "realised_pnl": 0.0,
  "unrealised_pnl": -108.30870173780886,
  "total_portfolio_value": 99815.6988396626,
  "total_pnl": -108.30870173780886,
  "holdings": {
    "AAPL": {
      "quantity": 57.328281226703105,
      "buy_price": 70.67741868747056
    },
    "MSFT": {
      "quantity": 35.26848840754057,
      "buy_price": 172.6312253854938
    },
    "GOOGL": {
      "quantity": 49.3183930860799,
      "buy_price": 60.608001708984375
    }
  }
}