{
  "cash": 87487.95423369305,
  "market_value": 12662.263837778999,
  "realised_pnl": 0.0,
  "unrealised_pnl": 226.21053007162845,
  "total_portfolio_value": 100150.21807147205,
  "total_pnl": 226.21053007162845,
  "holdings": {
    "AAPL": {
      "quantity": 49.549529877799145,
      "buy_price": 70.67687282748507
    },
    "MSFT": {
      "quantity": 34.42574035651275,
      "buy_price": 172.68933570813712
    },
    "GOOGL": {
      "quantity": 49.3183930860799,
      "buy_price": 60.608001708984375
    }
  }
}