{
  "cash": 86288.82876344964,
  "market_value": 11930.025698552192,
  "realised_pnl": 0.0,
  "unrealised_pnl": 206.0445797305315,
  "total_portfolio_value": 98218.85446200182,
  "total_pnl": 206.0445797305315,
  "holdings": {
    "AAPL": {
      "quantity": 60.57517310097564,
      "buy_price": 65.38472989246632
    },
    "MSFT": {
      "quantity": 36.04581974258063,
      "buy_price": 152.48809834101218
    },
    "GOOGL": {
      "quantity": 35.65384100777514,
      "buy_price": 63.576075330611054
    }
  }
}