{
  "cash": 85512.21391422169,
  "market_value": 15123.559290382087,
  "realised_pnl": 0.0,
  "unrealised_pnl": 107.52972848769969,
  "total_portfolio_value": 100635.77320460379,
  "total_pnl": 107.52972848769969,
  "holdings": {
    "AAPL": {
      "quantity": 51.71749181644413,
      "buy_price": 76.85290680730499
    },
    "MSFT": {
      "quantity": 37.00298237096558,
      "buy_price": 161.73232262727143
    },
    "GOOGL": {
      "quantity": 70.31659302804995,
      "buy_price": 71.9149134260273
    }
  }
}