{
  "cash": 86656.33583404653,
  "market_value": 10892.166867440634,
  "realised_pnl": 0.0,
  "unrealised_pnl": -525.6035599070335,
  "total_portfolio_value": 97548.50270148717,
  "total_pnl": -525.6035599070335,
  "holdings": {
    "AAPL": {
      "quantity": 79.65419149839609,
      "buy_price": 65.39028798503584
    },
    "MSFT": {
      "quantity": 25.60662490768668,
      "buy_price": 151.83920743477734
    },
    "GOOGL": {
      "quantity": 36.50854921319773,
      "buy_price": 63.576075330611054
    }
  }
}