{
  "cash": 85326.00518895646,
  "market_value": 11715.03107211355,
  "realised_pnl": 0.0,
  "unrealised_pnl": -856.3926286587043,
  "total_portfolio_value": 97041.03626107001,
  "total_pnl": -856.3926286587043,
  "holdings": {
    "AAPL": {
      "quantity": 63.239514221174844,
      "buy_price": 67.07867980655804
    },
    "MSFT": {
      "quantity": 39.6301541534793,
      "buy_price": 151.61006633860686
    },
    "GOOGL": {
      "quantity": 36.50854921319773,
      "buy_price": 63.576075330611054
    }
  }
}