{
  "cash": 87406.13790960467,
  "market_value": 13406.096727587406,
  "realised_pnl": 0.0,
  "unrealised_pnl": 688.8145257823326,
  "total_portfolio_value": 100812.23463719207,
  "total_pnl": 688.8145257823326,
  "holdings": {
    "AAPL": {
      "quantity": 52.42957211752135,
      "buy_price": 72.13483269286026
    },
    "MSFT": {
      "quantity": 33.65081545608636,
      "buy_price": 176.7028363477132
    },
    "GOOGL": {
      "quantity": 49.3183930860799,
      "buy_price": 60.608001708984375
    }
  }
}