{
  "cash": 86440.2159435187,
  "market_value": 15530.555774986537,
  "realised_pnl": 0.0,
  "unrealised_pnl": 378.9443378575925,
  "total_portfolio_value": 101970.77171850525,
  "total_pnl": 378.9443378575925,
  "holdings": {
    "AAPL": {
      "quantity": 50.937633770709105,
      "buy_price": 79.11920120518549
    },
    "MSFT": {
      "quantity": 33.17561199358353,
      "buy_price": 182.80461090079402
    },
    "GOOGL": {
      "quantity": 70.31659302804995,
      "buy_price": 71.9149134260273
    }
  }
}