{
  "cash": 85669.16396700556,
  "market_value": 10542.730326616376,
  "realised_pnl": 0.0,
  "unrealised_pnl": -1715.8640157936636,
  "total_portfolio_value": 96211.89429362194,
  "total_pnl": -1715.8640157936636,
  "holdings": {
    "AAPL": {
      "quantity": 68.6094550162081,
      "buy_price": 67.10263632811484
    },
    "MSFT": {
      "quantity": 35.078811728724176,
      "buy_price": 152.04758929819312
    },
    "GOOGL": {
      "quantity": 36.50854921319773,
      "buy_price": 63.576075330611054
    }
  }
}