{
  "cash": 90365.05872571016,
  "market_value": 8057.034865913187,
  "realised_pnl": 0.0,
  "unrealised_pnl": 102.72043457952418,
  "total_portfolio_value": 98422.09359162334,
  "total_pnl": 102.72043457952418,
  "holdings": {
    "AAPL": {
      "quantity": 59.185682493970944,
      "buy_price": 65.38472989246632
    },
    "MSFT": {
      "quantity": 11.9205584304888,
      "buy_price": 152.48809834101218
    },
    "GOOGL": {
      "quantity": 35.65384100777514,
      "buy_price": 63.576075330611054
    }
  }
}