{
  "cash": 84148.84132877784,
  "market_value": 18417.699670938524,
  "realised_pnl": 0.0,
  "unrealised_pnl": 881.2896592201059,
  "total_portfolio_value": 102566.54099971637,
  "total_pnl": 881.2896592201059,
  "holdings": {
    "AAPL": {
      "quantity": 56.225491738425546,
      "buy_price": 84.82359295600868
    },
    "MSFT": {
      "quantity": 51.196237832973246,
      "buy_price": 197.50038140995537
    },
    "GOOGL": {
      "quantity": 42.08893911784808,
      "buy_price": 63.10173987857854
    }
  }
}