{
  "cash": 87611.45786572168,
  "market_value": 13588.975928353566,
  "realised_pnl": 0.0,
  "unrealised_pnl": 931.5665662526503,
  "total_portfolio_value": 101200.43379407524,
  "total_pnl": 931.5665662526503,
  "holdings": {
    "AAPL": {
      "quantity": 51.10326367411227,
      "buy_price": 74.65645394302811
    },
    "MSFT": {
      "quantity": 33.10268914624571,
      "buy_price": 176.81740697777903
    },
    "GOOGL": {
      "quantity": 49.3183930860799,
      "buy_price": 60.608001708984375
    }
  }
}