{
  "cash": 84701.21752693175,
  "market_value": 15107.933656853907,
  "realised_pnl": 0.0,
  "unrealised_pnl": 8.152714916166133,
  "total_portfolio_value": 99809.15118378567,
  "total_pnl": 8.152714916166133,
  "holdings": {
    "AAPL": {
      "quantity": 52.749767802537356,
      "buy_price": 73.75782317582451
    },
    "MSFT": {
      "quantity": 35.11315721999582,
      "buy_price": 171.04647046690707
    },
    "GOOGL": {
      "quantity": 74.21856402109285,
      "buy_price": 70.10498458153674
    }
  }
}