{
  "cash": 88357.6716951467,
  "market_value": 11926.100395588332,
  "realised_pnl": 0.0,
  "unrealised_pnl": -516.2232432924129,
  "total_portfolio_value": 100283.77209073503,
  "total_pnl": -516.2232432924129,
  "holdings": {
    "AAPL": {
      "quantity": 53.42235128501232,
      "buy_price": 76.38000496823656
    },
    "MSFT": {
      "quantity": 37.461253320634896,
      "buy_price": 169.54120292765182
    },
    "GOOGL": {
      "quantity": 27.73070752818512,
      "buy_price": 72.50800323486328
    }
  }
}