{
  "cash": 90370.7233137034,
  "market_value": 10764.15864780534,
  "realised_pnl": 0.0,
  "unrealised_pnl": 251.9238765273824,
  "total_portfolio_value": 101134.88196150874,
  "total_pnl": 251.9238765273824,
  "holdings": {
    "AAPL": {
      "quantity": 44.42281236961577,
      "buy_price": 78.01892406245595
    },
    "MSFT": {
      "quantity": 12.104713137934581,
      "buy_price": 164.36598072792114
    },
    "GOOGL": {
      "quantity": 70.31659302804995,
      "buy_price": 71.9149134260273
    }
  }
}