{
  "cash": 89818.09902940458,
  "market_value": 12725.889789461173,
  "realised_pnl": 0.0,
  "unrealised_pnl": 760.9457347123084,
  "total_portfolio_value": 102543.98881886575,
  "total_pnl": 760.9457347123084,
  "holdings": {
    "AAPL": {
      "quantity": 39.35350579778147,
      "buy_price": 84.82359295600868
    },
    "MSFT": {
      "quantity": 30.23261508134568,
      "buy_price": 197.50038140995537
    },
    "GOOGL": {
      "quantity": 42.08893911784808,
      "buy_price": 63.10173987857854
    }
  }
}