{
  "cash": 87563.98964254012,
  "market_value": 14296.849657761171,
  "realised_pnl": 0.0,
  "unrealised_pnl": 1225.9925085401228,
  "total_portfolio_value": 101860.83930030129,
  "total_pnl": 1225.9925085401228,
  "holdings": {
    "AAPL": {
      "quantity": 59.223141482052526,
      "buy_price": 79.0869123860696
    },
    "MSFT": {
      "quantity": 32.39189891930894,
      "buy_price": 176.93301877420927
    },
    "GOOGL": {
      "quantity": 42.08893911784808,
      "buy_price": 63.10173987857854
    }
  }
}