{
  "cash": 86250.7479096973,
  "market_value": 14391.50137456804,
  "realised_pnl": 0.0,
  "unrealised_pnl": 708.3643987363785,
  "total_portfolio_value": 100642.24928426533,
  "total_pnl": 708.3643987363785,
  "holdings": {
    "AAPL": {
      "quantity": 68.5107239386168,
      "buy_price": 71.18866211147495
    },
    "MSFT": {
      "quantity": 33.69530009949306,
      "buy_price": 172.6312253854938
    },
    "GOOGL": {
      "quantity": 49.3183930860799,
      "buy_price": 60.608001708984375
    }
  }
}