{
  "cash": 90135.87675682167,
  "market_value": 10528.527877645418,
  "realised_pnl": 0.0,
  "unrealised_pnl": -391.99307383700966,
  "total_portfolio_value": 100664.4046344671,
  "total_pnl": -391.99307383700966,
  "holdings": {
    "AAPL": {
      "quantity": 47.26345494330027,
      "buy_price": 78.9350090949947
    },
    "MSFT": {
      "quantity": 11.781193164491846,
      "buy_price": 181.0485555975299
    },
    "GOOGL": {
      "quantity": 70.31659302804995,
      "buy_price": 71.9149134260273
    }
  }
}