{
  "cash": 88141.92316676273,
  "market_value": 13103.225546428268,
  "realised_pnl": 0.0,
  "unrealised_pnl": 942.5703141246436,
  "total_portfolio_value": 101245.148713191,
  "total_pnl": 942.5703141246436,
  "holdings": {
    "AAPL": {
      "quantity": 44.448932762831475,
      "buy_price": 74.65645394302811
    },
    "MSFT": {
      "quantity": 33.102877797564155,
      "buy_price": 176.81744511843465
    },
    "GOOGL": {
      "quantity": 49.3183930860799,
      "buy_price": 60.608001708984375
    }
  }
}