{
  "cash": 90392.35714162649,
  "market_value": 8057.497920303327,
  "realised_pnl": 0.0,
  "unrealised_pnl": 129.82477582698994,
  "total_portfolio_value": 98449.85506192982,
  "total_pnl": 129.82477582698994,
  "holdings": {
    "AAPL": {
      "quantity": 58.7782282320792,
      "buy_price": 65.38472989246632
    },
    "MSFT": {
      "quantity": 11.9205584304888,
      "buy_price": 152.48809834101218
    },
    "GOOGL": {
      "quantity": 35.65384100777514,
      "buy_price": 63.576075330611054
    }
  }
}