{
  "cash": 85466.17447754416,
  "market_value": 13817.485340321833,
  "realised_pnl": 0.0,
  "unrealised_pnl": -515.3742132553025,
  "total_portfolio_value": 99283.65981786599,
  "total_pnl": -515.3742132553025,
  "holdings": {
    "AAPL": {
      "quantity": 53.76910355427991,
      "buy_price": 73.75782317582451
    },
    "MSFT": {
      "quantity": 30.17557082640971,
      "buy_price": 171.12770673474773
    },
    "GOOGL": {
      "quantity": 74.21856402109285,
      "buy_price": 70.10498458153674
    }
  }
}