{
  "cash": 89802.89441454242,
  "market_value": 7956.042390280152,
  "realised_pnl": 0.0,
  "unrealised_pnl": -315.16945657162364,
  "total_portfolio_value": 97758.93680482257,
  "total_pnl": -315.16945657162364,
  "holdings": {
    "AAPL": {
      "quantity": 61.51020607079699,
      "buy_price": 66.66839000103096
    },
    "MSFT": {
      "quantity": 12.203597766856397,
      "buy_price": 151.54179937929143
    },
    "GOOGL": {
      "quantity": 36.50854921319773,
      "buy_price": 63.576075330611054
    }
  }
}