{
  "cash": 86331.48319840059,
  "market_value": 15241.348485597991,
  "realised_pnl": 0.0,
  "unrealised_pnl": 337.85990542009495,
  "total_portfolio_value": 101572.83168399858,
  "total_pnl": 337.85990542009495,
  "holdings": {
    "AAPL": {
      "quantity": 50.557326029817744,
      "buy_price": 78.50461560973662
    },
    "MSFT": {
      "quantity": 33.87643195000137,
      "buy_price": 173.50391099630778
    },
    "GOOGL": {
      "quantity": 70.31659302804995,
      "buy_price": 71.9149134260273
    }
  }
}