{
  "cash": 88479.12868634376,
  "market_value": 12065.335729955965,
  "realised_pnl": 0.0,
  "unrealised_pnl": 32.15409281106645,
  "total_portfolio_value": 100544.46441629971,
  "total_pnl": 32.15409281106645,
  "holdings": {
    "AAPL": {
      "quantity": 51.838736192713355,
      "buy_price": 76.31349201207631
    },
    "MSFT": {
      "quantity": 37.3910251760754,
      "buy_price": 161.45325372026397
    },
    "GOOGL": {
      "quantity": 28.144795421793443,
      "buy_price": 72.49240762263979
    }
  }
}