{
  "cash": 81486.196791296,
  "market_value": 15648.054181630638,
  "realised_pnl": 0.0,
  "unrealised_pnl": -1728.194960282609,
  "total_portfolio_value": 97134.25097292663,
  "total_pnl": -1728.194960282609,
  "holdings": {
    "AAPL": {
      "quantity": 76.82848274813313,
      "buy_price": 68.09559826325555
    },
    "MSFT": {
      "quantity": 42.651344419203056,
      "buy_price": 162.68870665492943
    },
    "GOOGL": {
      "quantity": 81.2109149596154,
      "buy_price": 64.10068877386132
    }
  }
}