{
  "cash": 85709.69191910427,
  "market_value": 11687.685261696039,
  "realised_pnl": 0.0,
  "unrealised_pnl": -593.0071505182038,
  "total_portfolio_value": 97397.37718080031,
  "total_pnl": -593.0071505182038,
  "holdings": {
    "AAPL": {
      "quantity": 64.552338811691,
      "buy_price": 65.39028798503584
    },
    "MSFT": {
      "quantity": 37.988965489749376,
      "buy_price": 152.48809834101218
    },
    "GOOGL": {
      "quantity": 35.65384100777514,
      "buy_price": 63.576075330611054
    }
  }
}