{
  "cash": 88185.57471520588,
  "market_value": 13081.51337678546,
  "realised_pnl": 0.0,
  "unrealised_pnl": 1143.6679805815916,
  "total_portfolio_value": 101267.08809199133,
  "total_pnl": 1143.6679805815916,
  "holdings": {
    "AAPL": {
      "quantity": 45.006164545142894,
      "buy_price": 71.20275306659333
    },
    "MSFT": {
      "quantity": 32.53735196951091,
      "buy_price": 176.54151230741488
    },
    "GOOGL": {
      "quantity": 49.3183930860799,
      "buy_price": 60.608001708984375
    }
  }
}