{
  "cash": 89653.27905808104,
  "market_value": 12660.034877010603,
  "realised_pnl": 0.0,
  "unrealised_pnl": 536.0191480417725,
  "total_portfolio_value": 102313.31393509165,
  "total_pnl": 536.0191480417725,
  "holdings": {
    "AAPL": {
      "quantity": 39.59274697120852,
      "buy_price": 84.82359295600868
    },
    "MSFT": {
      "quantity": 30.935289057548328,
      "buy_price": 197.50038140995537
    },
    "GOOGL": {
      "quantity": 42.08893911784808,
      "buy_price": 63.10173987857854
    }
  }
}