{
  "cash": 88077.00704538582,
  "market_value": 13122.93672169327,
  "realised_pnl": 0.0,
  "unrealised_pnl": 869.2267187104112,
  "total_portfolio_value": 101199.9437670791,
  "total_pnl": 869.2267187104112,
  "holdings": {
    "AAPL": {
      "quantity": 44.538030177622915,
      "buy_price": 75.24638470574953
    },
    "MSFT": {
      "quantity": 33.434037774967535,
      "buy_price": 176.86451865478907
    },
    "GOOGL": {
      "quantity": 49.3183930860799,
      "buy_price": 60.608001708984375
    }
  }
}