{
  "cash": 88971.92545748688,
  "market_value": 13268.01333425545,
  "realised_pnl": 0.0,
  "unrealised_pnl": 1025.1193113551485,
  "total_portfolio_value": 102239.93879174233,
  "total_pnl": 1025.1193113551485,
  "holdings": {
    "AAPL": {
      "quantity": 46.462141645535304,
      "buy_price": 81.46442158517208
    },
    "MSFT": {
      "quantity": 31.69084101562168,
      "buy_price": 183.0812011993818
    },
    "GOOGL": {
      "quantity": 42.08893911784808,
      "buy_price": 63.10173987857854
    }
  }
}