{
  "cash": 87802.3818161835,
  "market_value": 12951.608730907736,
  "realised_pnl": 0.0,
  "unrealised_pnl": 761.3328934484966,
  "total_portfolio_value": 100753.99054709123,
  "total_pnl": 761.3328934484966,
  "holdings": {
    "AAPL": {
      "quantity": 47.404082512183756,
      "buy_price": 71.20275306659333
    },
    "MSFT": {
      "quantity": 33.738905137435836,
      "buy_price": 172.67559157057693
    },
    "GOOGL": {
      "quantity": 49.3183930860799,
      "buy_price": 60.608001708984375
    }
  }
}