{
  "cash": 86047.4670845375,
  "market_value": 14284.973624561808,
  "realised_pnl": 0.0,
  "unrealised_pnl": 398.55582357034336,
  "total_portfolio_value": 100332.4407090993,
  "total_pnl": 398.55582357034336,
  "holdings": {
    "AAPL": {
      "quantity": 69.41739936137145,
      "buy_price": 71.20275306659333
    },
    "MSFT": {
      "quantity": 34.48442567436834,
      "buy_price": 172.67559157057693
    },
    "GOOGL": {
      "quantity": 49.3183930860799,
      "buy_price": 60.608001708984375
    }
  }
}