{
  "cash": 86642.2418742851,
  "market_value": 14620.189589491063,
  "realised_pnl": 0.0,
  "unrealised_pnl": 892.2319374228355,
  "total_portfolio_value": 101262.43146377616,
  "total_pnl": 892.2319374228355,
  "holdings": {
    "AAPL": {
      "quantity": 50.26678042330384,
      "buy_price": 76.41126142775877
    },
    "MSFT": {
      "quantity": 33.21531789113074,
      "buy_price": 176.93301877420927
    },
    "GOOGL": {
      "quantity": 63.55011915210253,
      "buy_price": 63.10173987857854
    }
  }
}