{
  "cash": 90984.36675149844,
  "market_value": 11262.10089359188,
  "realised_pnl": 0.0,
  "unrealised_pnl": 1261.937473132802,
  "total_portfolio_value": 102246.46764509032,
  "total_pnl": 1261.937473132802,
  "holdings": {
    "AAPL": {
      "quantity": 40.56939581363284,
      "buy_price": 79.0869123860696
    },
    "MSFT": {
      "quantity": 23.37477712675297,
      "buy_price": 176.93301877420927
    },
    "GOOGL": {
      "quantity": 42.08893911784808,
      "buy_price": 63.10173987857854
    }
  }
}