{
  "cash": 85038.06267288495,
  "market_value": 17000.28446192447,
  "realised_pnl": 0.0,
  "unrealised_pnl": 317.04808704529114,
  "total_portfolio_value": 102038.34713480942,
  "total_pnl": 317.04808704529114,
  "holdings": {
    "AAPL": {
      "quantity": 46.167280253777484,
      "buy_price": 84.82359295600868
    },
    "MSFT": {
      "quantity": 51.196237832973246,
      "buy_price": 197.50038140995537
    },
    "GOOGL": {
      "quantity": 42.08893911784808,
      "buy_price": 63.10173987857854
    }
  }
}