{
  "cash": 88080.75441281415,
  "market_value": 8711.283403465137,
  "realised_pnl": 0.0,
  "unrealised_pnl": -1135.7204931363183,
  "total_portfolio_value": 96792.03781627928,
  "total_pnl": -1135.7204931363183,
  "holdings": {
    "AAPL": {
      "quantity": 63.26793907932045,
      "buy_price": 68.03218810489398
    },
    "MSFT": {
      "quantity": 20.34728468838492,
      "buy_price": 162.68870665492943
    },
    "GOOGL": {
      "quantity": 34.82761538071819,
      "buy_price": 64.10068877386132
    }
  }
}