{
  "cash": 87525.9198475298,
  "market_value": 13492.972786006227,
  "realised_pnl": 0.0,
  "unrealised_pnl": 895.4725221262893,
  "total_portfolio_value": 101018.89263353603,
  "total_pnl": 895.4725221262893,
  "holdings": {
    "AAPL": {
      "quantity": 51.902709069369536,
      "buy_price": 72.08633473193106
    },
    "MSFT": {
      "quantity": 33.209872009421055,
      "buy_price": 176.66237769002817
    },
    "GOOGL": {
      "quantity": 49.3183930860799,
      "buy_price": 60.608001708984375
    }
  }
}