{
  "cash": 70528.01218444522,
  "market_value": 30307.35840113829,
  "realised_pnl": 0.0,
  "unrealised_pnl": 307.127109467443,
  "total_portfolio_value": 100835.37058558351,
  "total_pnl": 307.127109467443,
  "holdings": {
    "AAPL": {
      "quantity": 127.94743523575715,
      "buy_price": 78.01892406245595
    },
    "MSFT": {
      "quantity": 91.02308331531427,
      "buy_price": 164.36598072792114
    },
    "GOOGL": {
      "quantity": 70.31659302804995,
      "buy_price": 71.9149134260273
    }
  }
}