{
  "cash": 85806.58279288463,
  "market_value": 15261.62488198833,
  "realised_pnl": 0.0,
  "unrealised_pnl": 151.513117604105,
  "total_portfolio_value": 101068.20767487296,
  "total_pnl": 151.513117604105,
  "holdings": {
    "AAPL": {
      "quantity": 50.80240442338909,
      "buy_price": 78.3446776524085
    },
    "MSFT": {
      "quantity": 36.74316957816976,
      "buy_price": 165.28791978385502
    },
    "GOOGL": {
      "quantity": 70.31659302804995,
      "buy_price": 71.9149134260273
    }
  }
}