{
  "cash": 87427.3605908544,
  "market_value": 14261.607746003576,
  "realised_pnl": 0.0,
  "unrealised_pnl": 1258.0511803918794,
  "total_portfolio_value": 101688.96833685797,
  "total_pnl": 1258.0511803918794,
  "holdings": {
    "AAPL": {
      "quantity": 42.693144401036704,
      "buy_price": 76.41126142775877
    },
    "MSFT": {
      "quantity": 32.39189891930894,
      "buy_price": 176.93301877420927
    },
    "GOOGL": {
      "quantity": 63.55011915210253,
      "buy_price": 63.10173987857854
    }
  }
}