{
  "cash": 85390.32224848149,
  "market_value": 11779.759444045616,
  "realised_pnl": 0.0,
  "unrealised_pnl": -727.3471972016082,
  "total_portfolio_value": 97170.0816925271,
  "total_pnl": -727.3471972016082,
  "holdings": {
    "AAPL": {
      "quantity": 62.97477626097825,
      "buy_price": 67.10263632811484
    },
    "MSFT": {
      "quantity": 39.30298668925079,
      "buy_price": 151.64910758812456
    },
    "GOOGL": {
      "quantity": 36.50854921319773,
      "buy_price": 63.576075330611054
    }
  }
}