{
  "cash": 89835.7174700414,
  "market_value": 12834.542882669824,
  "realised_pnl": 0.0,
  "unrealised_pnl": 985.0090122149654,
  "total_portfolio_value": 102670.26035271122,
  "total_pnl": 985.0090122149654,
  "holdings": {
    "AAPL": {
      "quantity": 39.21598913390624,
      "buy_price": 82.24538309679915
    },
    "MSFT": {
      "quantity": 30.509709818398193,
      "buy_price": 195.62016709310004
    },
    "GOOGL": {
      "quantity": 42.08893911784808,
      "buy_price": 63.10173987857854
    }
  }
}