{
  "cash": 87096.24593126588,
  "market_value": 13297.675008733811,
  "realised_pnl": 0.0,
  "unrealised_pnl": -662.4767683044183,
  "total_portfolio_value": 100393.92093999969,
  "total_pnl": -662.4767683044183,
  "holdings": {
    "AAPL": {
      "quantity": 47.26345494330027,
      "buy_price": 78.9350090949947
    },
    "MSFT": {
      "quantity": 29.866697377579335,
      "buy_price": 173.18951492392222
    },
    "GOOGL": {
      "quantity": 70.31659302804995,
      "buy_price": 71.9149134260273
    }
  }
}