{
  "cash": 87245.82012323178,
  "market_value": 13318.607730492626,
  "realised_pnl": 0.0,
  "unrealised_pnl": 595.6161366856218,
  "total_portfolio_value": 100564.42785372441,
  "total_pnl": 595.6161366856218,
  "holdings": {
    "AAPL": {
      "quantity": 54.88575609086596,
      "buy_price": 71.20275306659333
    },
    "MSFT": {
      "quantity": 33.738905137435836,
      "buy_price": 172.67559157057693
    },
    "GOOGL": {
      "quantity": 49.3183930860799,
      "buy_price": 60.608001708984375
    }
  }
}