{
  "cash": 86697.39855445556,
  "market_value": 14619.763134920895,
  "realised_pnl": 0.0,
  "unrealised_pnl": 1104.6650680115508,
  "total_portfolio_value": 101317.16168937646,
  "total_pnl": 1104.6650680115508,
  "holdings": {
    "AAPL": {
      "quantity": 63.47596291234388,
      "buy_price": 74.65645394302811
    },
    "MSFT": {
      "quantity": 32.7428071822409,
      "buy_price": 176.74472688303632
    },
    "GOOGL": {
      "quantity": 49.3183930860799,
      "buy_price": 60.608001708984375
    }
  }
}