{
  "cash": 87573.7422100761,
  "market_value": 9801.851048355502,
  "realised_pnl": 0.0,
  "unrealised_pnl": -698.5130029625898,
  "total_portfolio_value": 97375.5932584316,
  "total_pnl": -698.5130029625898,
  "holdings": {
    "AAPL": {
      "quantity": 64.6718470985583,
      "buy_price": 66.3535114240057
    },
    "MSFT": {
      "quantity": 25.60662490768668,
      "buy_price": 151.83920743477734
    },
    "GOOGL": {
      "quantity": 36.50854921319773,
      "buy_price": 63.576075330611054
    }
  }
}