{
  "cash": 86525.87416555487,
  "market_value": 15546.870468506731,
  "realised_pnl": 0.0,
  "unrealised_pnl": 783.4243104281463,
  "total_portfolio_value": 102072.7446340616,
  "total_pnl": 783.4243104281463,
  "holdings": {
    "AAPL": {
      "quantity": 50.25892761328683,
      "buy_price": 78.8823874676056
    },
    "MSFT": {
      "quantity": 33.04216064942191,
      "buy_price": 173.78071359434557
    },
    "GOOGL": {
      "quantity": 70.31659302804995,
      "buy_price": 71.9149134260273
    }
  }
}