{
  "cash": 89610.45298276695,
  "market_value": 11502.725646019428,
  "realised_pnl": 0.0,
  "unrealised_pnl": 994.5806139649162,
  "total_portfolio_value": 101113.17862878638,
  "total_pnl": 994.5806139649162,
  "holdings": {
    "AAPL": {
      "quantity": 45.644874037193226,
      "buy_price": 71.20275306659333
    },
    "MSFT": {
      "quantity": 24.63771506794131,
      "buy_price": 173.2715502639224
    },
    "GOOGL": {
      "quantity": 49.3183930860799,
      "buy_price": 60.608001708984375
    }
  }
}