{
  "cash": 70027.77363595378,
  "market_value": 30389.387000184688,
  "realised_pnl": 0.0,
  "unrealised_pnl": -116.4925558443274,
  "total_portfolio_value": 100417.16063613846,
  "total_pnl": -116.4925558443274,
  "holdings": {
    "AAPL": {
      "quantity": 53.76910355427991,
      "buy_price": 73.75782317582451
    },
    "MSFT": {
      "quantity": 36.62051891717322,
      "buy_price": 171.12770673474773
    },
    "GOOGL": {
      "quantity": 289.18346139051584,
      "buy_price": 70.10498458153674
    }
  }
}