{
  "cash": 86531.84683171767,
  "market_value": 15547.143664930547,
  "realised_pnl": 0.0,
  "unrealised_pnl": 792.8016079510244,
  "total_portfolio_value": 102078.99049664821,
  "total_pnl": 792.8016079510244,
  "holdings": {
    "AAPL": {
      "quantity": 49.916374908719334,
      "buy_price": 78.86635296613207
    },
    "MSFT": {
      "quantity": 33.15867688363348,
      "buy_price": 173.73455324620346
    },
    "GOOGL": {
      "quantity": 70.31659302804995,
      "buy_price": 71.9149134260273
    }
  }
}