{
  "cash": 79183.71914441703,
  "market_value": 19154.574806148717,
  "realised_pnl": 0.0,
  "unrealised_pnl": -1261.6896439012617,
  "total_portfolio_value": 98338.29395056574,
  "total_pnl": -1261.6896439012617,
  "holdings": {
    "AAPL": {
      "quantity": 69.43023532133444,
      "buy_price": 71.22215763268005
    },
    "MSFT": {
      "quantity": 61.55612514837719,
      "buy_price": 166.76841948560562
    },
    "GOOGL": {
      "quantity": 81.2109149596154,
      "buy_price": 64.10068877386132
    }
  }
}