{
  "cash": 87127.53302258546,
  "market_value": 13358.290445628047,
  "realised_pnl": 0.0,
  "unrealised_pnl": 553.8144627002466,
  "total_portfolio_value": 100485.82346821351,
  "total_pnl": 553.8144627002466,
  "holdings": {
    "AAPL": {
      "quantity": 55.877840826545246,
      "buy_price": 70.67741868747056
    },
    "MSFT": {
      "quantity": 33.98044105829337,
      "buy_price": 172.6312253854938
    },
    "GOOGL": {
      "quantity": 49.3183930860799,
      "buy_price": 60.608001708984375
    }
  }
}