{
  "cash": 87241.21420321615,
  "market_value": 14211.205409677901,
  "realised_pnl": 0.0,
  "unrealised_pnl": 1082.220086540709,
  "total_portfolio_value": 101452.41961289405,
  "total_pnl": 1082.220086540709,
  "holdings": {
    "AAPL": {
      "quantity": 43.68645103075148,
      "buy_price": 75.7833393979647
    },
    "MSFT": {
      "quantity": 32.83958327972568,
      "buy_price": 176.86451865478907
    },
    "GOOGL": {
      "quantity": 63.55011915210253,
      "buy_price": 63.10173987857854
    }
  }
}