{
  "cash": 88999.77358066241,
  "market_value": 13220.063071509197,
  "realised_pnl": 0.0,
  "unrealised_pnl": 961.9829011558636,
  "total_portfolio_value": 102219.83665217161,
  "total_pnl": 961.9829011558636,
  "holdings": {
    "AAPL": {
      "quantity": 46.766481205705894,
      "buy_price": 82.24538309679915
    },
    "MSFT": {
      "quantity": 31.428082966703002,
      "buy_price": 183.14409204084023
    },
    "GOOGL": {
      "quantity": 42.08893911784808,
      "buy_price": 63.10173987857854
    }
  }
}