{
  "cash": 86057.37908390944,
  "market_value": 10304.121016977373,
  "realised_pnl": 0.0,
  "unrealised_pnl": -1566.2582085287822,
  "total_portfolio_value": 96361.50010088681,
  "total_pnl": -1566.2582085287822,
  "holdings": {
    "AAPL": {
      "quantity": 63.26793907932045,
      "buy_price": 68.03218810489398
    },
    "MSFT": {
      "quantity": 35.078811728724176,
      "buy_price": 152.04758929819312
    },
    "GOOGL": {
      "quantity": 34.82761538071819,
      "buy_price": 64.10068877386132
    }
  }
}