{
  "cash": 88262.88303569834,
  "market_value": 11956.286327283642,
  "realised_pnl": 0.0,
  "unrealised_pnl": -308.2457517501359,
  "total_portfolio_value": 100219.16936298198,
  "total_pnl": -308.2457517501359,
  "holdings": {
    "AAPL": {
      "quantity": 53.738618287778834,
      "buy_price": 76.13548073577533
    },
    "MSFT": {
      "quantity": 38.15934821618902,
      "buy_price": 161.49170776046748
    },
    "GOOGL": {
      "quantity": 27.73070752818512,
      "buy_price": 72.50800323486328
    }
  }
}