{
  "cash": 82878.62190318569,
  "market_value": 13687.258184976195,
  "realised_pnl": 0.0,
  "unrealised_pnl": -2345.7811121623236,
  "total_portfolio_value": 96565.88008816188,
  "total_pnl": -2345.7811121623236,
  "holdings": {
    "AAPL": {
      "quantity": 54.4624881965577,
      "buy_price": 71.22215763268005
    },
    "MSFT": {
      "quantity": 41.66512949094795,
      "buy_price": 166.76841948560562
    },
    "GOOGL": {
      "quantity": 81.2109149596154,
      "buy_price": 64.10068877386132
    }
  }
}