{
  "cash": 94690.90193543429,
  "market_value": 5511.110694654906,
  "realised_pnl": 0.0,
  "unrealised_pnl": 168.6031400367824,
  "total_portfolio_value": 100202.0126300892,
  "total_pnl": 168.6031400367824,
  "holdings": {
    "AAPL": {
      "quantity": 48.870518602252005,
      "buy_price": 68.3125
    },
    "GOOGL": {
      "quantity": 31.678670455668346,
      "buy_price": 63.26150131225586
    }
  }
}