{
  "cash": 87634.96844533857,
  "market_value": 13091.865661250267,
  "realised_pnl": 0.0,
  "unrealised_pnl": -135.35019534407775,
  "total_portfolio_value": 100726.83410658884,
  "total_pnl": -135.35019534407775,
  "holdings": {
    "AAPL": {
      "quantity": 65.2059104235222,
      "buy_price": 78.10011092678366
    },
    "MSFT": {
      "quantity": 18.620933238404582,
      "buy_price": 165.28791978385502
    },
    "GOOGL": {
      "quantity": 70.31659302804995,
      "buy_price": 71.9149134260273
    }
  }
}