{
  "cash": 90532.56213353973,
  "market_value": 10012.167485779146,
  "realised_pnl": 0.0,
  "unrealised_pnl": 32.41929583022352,
  "total_portfolio_value": 100544.72961931888,
  "total_pnl": 32.41929583022352,
  "holdings": {
    "AAPL": {
      "quantity": 45.46155709952003,
      "buy_price": 76.13548073577533
    },
    "MSFT": {
      "quantity": 27.913584644900666,
      "buy_price": 161.49170776046748
    },
    "GOOGL": {
      "quantity": 27.73070752818512,
      "buy_price": 72.50800323486328
    }
  }
}