{
  "cash": 87506.82233486907,
  "market_value": 13485.042075561376,
  "realised_pnl": 0.0,
  "unrealised_pnl": 829.0713025056216,
  "total_portfolio_value": 100991.86441043044,
  "total_pnl": 829.0713025056216,
  "holdings": {
    "AAPL": {
      "quantity": 52.51275146854581,
      "buy_price": 72.76314902767427
    },
    "MSFT": {
      "quantity": 33.08316086193313,
      "buy_price": 176.7028363477132
    },
    "GOOGL": {
      "quantity": 49.3183930860799,
      "buy_price": 60.608001708984375
    }
  }
}