{
  "cash": 87565.9606177344,
  "market_value": 13712.88657627753,
  "realised_pnl": 0.0,
  "unrealised_pnl": 948.0129548483374,
  "total_portfolio_value": 101278.84719401192,
  "total_pnl": 948.0129548483374,
  "holdings": {
    "AAPL": {
      "quantity": 50.967526661035,
      "buy_price": 75.7833393979647
    },
    "MSFT": {
      "quantity": 33.434037774967535,
      "buy_price": 176.86451865478907
    },
    "GOOGL": {
      "quantity": 49.3183930860799,
      "buy_price": 60.608001708984375
    }
  }
}