{
  "cash": 87815.24339151033,
  "market_value": 13179.272269537778,
  "realised_pnl": 0.0,
  "unrealised_pnl": 104.95851455121556,
  "total_portfolio_value": 100994.5156610481,
  "total_pnl": 104.95851455121556,
  "holdings": {
    "AAPL": {
      "quantity": 44.506380697814166,
      "buy_price": 78.10011092678366
    },
    "MSFT": {
      "quantity": 27.467381967453225,
      "buy_price": 165.34334400321075
    },
    "GOOGL": {
      "quantity": 70.31659302804995,
      "buy_price": 71.9149134260273
    }
  }
}