{
  "cash": 86786.18980023172,
  "market_value": 13125.80220801739,
  "realised_pnl": 0.0,
  "unrealised_pnl": -10.438347824362154,
  "total_portfolio_value": 99911.9920082491,
  "total_pnl": -10.438347824362154,
  "holdings": {
    "AAPL": {
      "quantity": 58.12427296030374,
      "buy_price": 70.67687282748507
    },
    "MSFT": {
      "quantity": 34.97094612372337,
      "buy_price": 172.68933570813712
    },
    "GOOGL": {
      "quantity": 49.3183930860799,
      "buy_price": 60.608001708984375
    }
  }
}