{
  "cash": 88079.16731961007,
  "market_value": 13103.597017043456,
  "realised_pnl": 0.0,
  "unrealised_pnl": 851.9300974899484,
  "total_portfolio_value": 101182.76433665353,
  "total_pnl": 851.9300974899484,
  "holdings": {
    "AAPL": {
      "quantity": 44.51087826278553,
      "buy_price": 75.24638470574953
    },
    "MSFT": {
      "quantity": 33.434037774967535,
      "buy_price": 176.86451865478907
    },
    "GOOGL": {
      "quantity": 49.3183930860799,
      "buy_price": 60.608001708984375
    }
  }
}