{
  "cash": 88328.457730771,
  "market_value": 13204.447791055127,
  "realised_pnl": 0.0,
  "unrealised_pnl": 322.32708755923704,
  "total_portfolio_value": 101532.90552182612,
  "total_pnl": 322.32708755923704,
  "holdings": {
    "AAPL": {
      "quantity": 63.68693967586951,
      "buy_price": 78.50461560973662
    },
    "MSFT": {
      "quantity": 16.91087746073411,
      "buy_price": 167.08714798606331
    },
    "GOOGL": {
      "quantity": 70.31659302804995,
      "buy_price": 71.9149134260273
    }
  }
}