{
  "cash": 87588.02391186744,
  "market_value": 13497.736026961413,
  "realised_pnl": 0.0,
  "unrealised_pnl": 875.8162701664633,
  "total_portfolio_value": 101085.75993882885,
  "total_pnl": 875.8162701664633,
  "holdings": {
    "AAPL": {
      "quantity": 51.65012720706059,
      "buy_price": 73.47706755707557
    },
    "MSFT": {
      "quantity": 33.0291642708409,
      "buy_price": 176.74472688303632
    },
    "GOOGL": {
      "quantity": 49.3183930860799,
      "buy_price": 60.608001708984375
    }
  }
}