{
  "cash": 90000.0,
  "market_value": 10000.0,
  "realised_pnl": 0.0,
  "unrealised_pnl": 0.0,
  "total_portfolio_value": 100000.0,
  "total_pnl": 0.0,
  "holdings": {
    "AAPL": {
      "quantity": 56.25285803891375,
      "buy_price": 71.10749816894531
    },
    "MSFT": {
      "quantity": 34.90807440976506,
      "buy_price": 171.8800048828125
    }
  }
}