{
  "cash": 93858.72091519073,
  "market_value": 8693.192117070721,
  "realised_pnl": 0.0,
  "unrealised_pnl": 874.0858502340252,
  "total_portfolio_value": 102551.91303226145,
  "total_pnl": 874.0858502340252,
  "holdings": {
    "AAPL": {
      "quantity": 40.006877197488464,
      "buy_price": 82.24538309679915
    },
    "MSFT": {
      "quantity": 10.226046695654517,
      "buy_price": 183.14409204084023
    },
    "GOOGL": {
      "quantity": 42.08893911784808,
      "buy_price": 63.10173987857854
    }
  }
}