{
  "cash": 87554.29319869628,
  "market_value": 13622.681529288091,
  "realised_pnl": 0.0,
  "unrealised_pnl": 874.396328918016,
  "total_portfolio_value": 101176.97472798437,
  "total_pnl": 874.396328918016,
  "holdings": {
    "AAPL": {
      "quantity": 51.1107738293113,
      "buy_price": 75.24638470574953
    },
    "MSFT": {
      "quantity": 33.434037774967535,
      "buy_price": 176.86451865478907
    },
    "GOOGL": {
      "quantity": 49.3183930860799,
      "buy_price": 60.608001708984375
    }
  }
}