{
  "cash": 88147.47516253521,
  "market_value": 13027.351226117693,
  "realised_pnl": 0.0,
  "unrealised_pnl": 964.8827199905227,
  "total_portfolio_value": 101174.8263886529,
  "total_pnl": 964.8827199905227,
  "holdings": {
    "AAPL": {
      "quantity": 44.97230149446346,
      "buy_price": 72.76314902767427
    },
    "MSFT": {
      "quantity": 32.82942763016722,
      "buy_price": 176.7028363477132
    },
    "GOOGL": {
      "quantity": 49.3183930860799,
      "buy_price": 60.608001708984375
    }
  }
}