{
  "cash": 85984.18164942686,
  "market_value": 15345.541125535263,
  "realised_pnl": 0.0,
  "unrealised_pnl": 353.13950592914125,
  "total_portfolio_value": 101329.72277496212,
  "total_pnl": 353.13950592914125,
  "holdings": {
    "AAPL": {
      "quantity": 52.5262601297124,
      "buy_price": 78.2479663146014
    },
    "MSFT": {
      "quantity": 34.86514047630338,
      "buy_price": 167.08714798606331
    },
    "GOOGL": {
      "quantity": 70.31659302804995,
      "buy_price": 71.9149134260273
    }
  }
}