{
  "cash": 89160.10290370091,
  "market_value": 13256.723926654238,
  "realised_pnl": 0.0,
  "unrealised_pnl": 731.5754898588962,
  "total_portfolio_value": 102416.82683035516,
  "total_pnl": 731.5754898588962,
  "holdings": {
    "AAPL": {
      "quantity": 45.511004843547404,
      "buy_price": 83.32006507293892
    },
    "MSFT": {
      "quantity": 31.060502039871942,
      "buy_price": 195.65953106343966
    },
    "GOOGL": {
      "quantity": 42.08893911784808,
      "buy_price": 63.10173987857854
    }
  }
}