{
  "cash": 89560.59896568925,
  "market_value": 12736.228092897123,
  "realised_pnl": 0.0,
  "unrealised_pnl": 1038.9733075706408,
  "total_portfolio_value": 102296.82705858638,
  "total_pnl": 1038.9733075706408,
  "holdings": {
    "AAPL": {
      "quantity": 40.71746891327614,
      "buy_price": 81.47515316694249
    },
    "MSFT": {
      "quantity": 31.264310281828312,
      "buy_price": 183.0812011993818
    },
    "GOOGL": {
      "quantity": 42.08893911784808,
      "buy_price": 63.10173987857854
    }
  }
}