{
  "cash": 85566.8732579008,
  "market_value": 15027.345596374358,
  "realised_pnl": 0.0,
  "unrealised_pnl": 77.5987611577093,
  "total_portfolio_value": 100594.21885427517,
  "total_pnl": 77.5987611577093,
  "holdings": {
    "AAPL": {
      "quantity": 63.55281856614464,
      "buy_price": 76.85290680730499
    },
    "MSFT": {
      "quantity": 31.022702715325465,
      "buy_price": 161.45325372026397
    },
    "GOOGL": {
      "quantity": 70.31659302804995,
      "buy_price": 71.9149134260273
    }
  }
}